"Outcome","Estimate","Lower","Upper","P"
"Diabetes (OR per 100g)",1.01105848988008,1.00391604894967,1.01825174627709,0.0023614368612083
"HbA1c (Beta per 100g)",0.00418678561094358,0.00168664188385315,0.00668692933803402,0.00104004298505315
